INSERT INTO `users` (`user_id`, `username`, `password`, `full_name`, `phone`, `email`, `balance`) VALUES
('STD01', '52300286', 'TDTSuyi286', 'Su Yi Phyo', '0385975843', 'suyiphyo110@gmail.com', 3000000.00),
('STD02', '52300284', 'TDTJou284', 'Mitthavong Benjouly', '0362450421', 'benjouly21@gmail.com', 1000000.00),
('STD03', '523k0272', 'TDTLei272', 'Thin Lei Sandi', '0382560434', 'thinleisandi@gmail.com', 500000.00),
('STD04', '52300277', 'TDTSuzy277', 'Suzy', '0365165845', 'suyiyp21@gmail.com', 1000000.00),
('STD05', '52300282', 'TDTMin282', 'Min Thu', '0362450421', 'minthu@gmail.com', 3000000.00),
('STD06', '52200232', 'TDTMinh232', 'Nguyen Van Minh', '0365165865', 'nguyenvanminh@gmail.com', 2000000.00),
('STD07', '52300213', 'TDTZin213', 'Khine Zin', '0382560432', 'khinezin101@gmail.com', 1000000.00),
('STD08', '52300253', 'TDTella253', 'Ella', '0382560434', 'ms.ellamella@gmail.com', 1000000.00);


INSERT INTO `students` (`student_id`, `full_name`) VALUES
('52200124', 'Nguyen Thien An'),
('52200232', 'Nguyen Van Minh'),
('52300125', 'Thwe Thwe'),
('52300212', 'Le Thi Thu'),
('52300213', 'Khine Zin'),
('52300253', 'Ella'),
('52300277', 'Suzy'),
('52300282', 'Min Thu'),
('52300284', 'Mitthavong Benjouly'),
('52300286', 'Su Yi Phyo'),
('523k0145', 'Le Thi Yen Vy'),
('523k0272', 'Thin Lei Sandi');

INSERT INTO `tuition` (`tuition_id`, `student_id`, `semester`, `amount_due`, `amount_paid`, `status`) VALUES
('TD08', '52200232', 'Fall 2025', 2000000.00, 2000000.00, 'paid'),
('TD09', '52300213', 'Fall 2025', 2000000.00, 2000000.00, 'paid'),
('TU01', '52300286', 'Fall 2025', 3000000.00, 3000000.00, 'paid'),
('TU02', '52300284', 'Fall 2025', 3000000.00, 3000000.00, 'paid'),
('TU03', '52200124', 'Summer 2025', 2000000.00, 2000000.00, 'paid'),
('TU04', '523k0272', 'Fall 2025', 3000000.00, 3000000.00, 'paid'),
('TU05', '523k0145', 'Fall 2025', 3000000.00, 3000000.00, 'paid'),
('TU06', '52300277', 'Fall 2025', 2000000.00, 2000000.00, 'paid'),
('TU07', '52300282', 'Fall 2025', 2000000.00, 0.00, 'unpaid'),
('TU08', '52300253', 'Internship 2025', 1000000.00, 1000000.00, 'paid'),
('TU09', '52300212', 'Fall 2025', 2000000.00, 0.00, 'unpaid'),
('TU10', '52300125', 'Fall 2025', 2000000.00, 0.00, 'unpaid');

INSERT INTO `otp` (`otp_id`, `payment_id`, `otp_code`, `created_at`, `expired_at`, `is_used`) VALUES
('03f70ed8-f2c0-4a8c-a140-baff1d094343', '30f87d11-cb0d-4a2e-a2d9-3c2e24bbed94', '2031', '2025-10-09 13:19:31', '2025-10-09 13:22:31', b'1'),
('2c8eeda6-6ab8-4390-a09a-6b8d3d1a7a45', '32e34878-a728-488f-95bc-2abc44ae8b5e', '1641', '2025-10-09 13:13:52', '2025-10-09 13:16:52', b'1'),
('2c93408b-ca23-4b02-8266-dbd1cf02fdba', 'e0b2b8bc-2da4-43a1-b22b-ee879707bd81', '7460', '2025-10-09 13:19:39', '2025-10-09 13:22:39', b'0'),
('3373138c-0975-49ca-ada3-a88f1a541a2d', 'e6cd8c08-d51d-4641-aa1a-7bdd5e5c6810', '2590', '2025-10-09 12:58:36', '2025-10-09 13:01:36', b'0'),
('3a1a641a-b27a-45c6-b667-c353b0d0bde4', '6f3f85f6-5969-48cc-af56-4868af7d3d2d', '1386', '2025-10-09 13:26:33', '2025-10-09 13:29:33', b'1'),
('414db57c-0f7e-43b2-b148-14cc16f96211', '4f3bfc16-1df2-42dc-ab76-a76cc67f9696', '8299', '2025-10-09 13:56:57', '2025-10-09 13:59:57', b'0'),
('4b758420-d929-4ec3-acc7-7706e114f73a', '74f193db-6060-4972-b5c7-14eb3a0ebb38', '3199', '2025-10-09 12:58:35', '2025-10-09 13:01:35', b'0'),
('577436d2-09ff-434d-af8f-f7ad31208d90', '66d9eafc-6dd2-46c3-b703-16a4afe2b932', '5290', '2025-10-09 12:43:56', '2025-10-09 12:46:56', b'0'),
('5a95049f-a41e-4d25-9f37-5e3c1e084ccc', '6d2d4673-4314-446a-8cd8-4b7ecae2d87f', '9896', '2025-10-09 12:11:01', '2025-10-09 12:14:01', b'0'),
('682baa6c-4d42-499d-9d4e-7acec31a5ff6', 'd2ca7865-7e94-4534-b8b4-ca9a74c536fc', '4258', '2025-10-09 13:12:45', '2025-10-09 13:15:45', b'0'),
('757f575a-b429-408c-9424-ca4c5f2e6eb3', '640a1c5c-7fef-44b7-9822-d843933ea36c', '1245', '2025-10-09 12:58:34', '2025-10-09 13:01:34', b'1'),
('95d9df29-d239-40fe-ad57-20e108099c3e', 'ee72aeed-ff54-466f-9fe2-3c085c674e9c', '9611', '2025-10-09 13:59:14', '2025-10-09 14:02:14', b'1'),
('9b8a175a-a0bd-4082-b759-b30a59f54b4c', '3f404ce0-b8e7-45cd-bf48-411a0bbc237d', '3048', '2025-10-09 14:38:14', '2025-10-09 14:41:14', b'1'),
('be360ebe-4eb1-4c89-b605-36ece35b8431', 'b877d1ab-0731-434e-98cd-6f4b3dac3795', '7940', '2025-10-09 12:15:41', '2025-10-09 12:18:41', b'1'),
('de6e0f6e-5ed8-4881-af4a-0135234f053f', '382bc6b6-955e-4a71-891b-dd23e97264e6', '1425', '2025-10-09 12:58:35', '2025-10-09 13:01:35', b'0'),
('ee09afee-ab61-4b13-878a-75512ccbff37', '35bdbe97-f72e-41f7-9044-55b4ef76b648', '7433', '2025-10-09 12:58:36', '2025-10-09 13:01:36', b'0');


INSERT INTO `payments` (`payment_id`, `user_id`, `tuition_id`, `amount`, `payment_date`, `status`) VALUES
('0716e030-114f-4899-9fb7-6db6df1f0d82', 'STD03', 'TU04', 3000000.00, '2025-10-08 22:10:07', 'success'),
('30f87d11-cb0d-4a2e-a2d9-3c2e24bbed94', 'STD08', 'TD08', 2000000.00, '2025-10-09 13:19:31', 'success'),
('32e34878-a728-488f-95bc-2abc44ae8b5e', 'STD07', 'TD09', 2000000.00, '2025-10-09 13:12:38', 'success'),
('35bdbe97-f72e-41f7-9044-55b4ef76b648', 'STD08', 'TU08', 2000000.00, '2025-10-09 12:58:36', 'pending'),
('382bc6b6-955e-4a71-891b-dd23e97264e6', 'STD08', 'TU08', 2000000.00, '2025-10-09 12:58:35', 'pending'),
('3f404ce0-b8e7-45cd-bf48-411a0bbc237d', 'STD08', 'TU05', 3000000.00, '2025-10-09 14:38:14', 'success'),
('4f3bfc16-1df2-42dc-ab76-a76cc67f9696', 'STD08', 'TU08', 1000000.00, '2025-10-09 13:56:57', 'pending'),
('59d2ee93-1c5f-4de4-a56a-842b5edbb96d', 'STD02', 'TU02', 3000000.00, '2025-10-08 10:29:31', 'success'),
('640a1c5c-7fef-44b7-9822-d843933ea36c', 'STD08', 'TU08', 2000000.00, '2025-10-09 12:58:34', 'success'),
('66d9eafc-6dd2-46c3-b703-16a4afe2b932', 'STD08', 'TU08', 2000000.00, '2025-10-09 12:43:56', 'pending'),
('6d2d4673-4314-446a-8cd8-4b7ecae2d87f', 'STD08', 'TU08', 2000000.00, '2025-10-09 12:11:01', 'pending'),
('6f3f85f6-5969-48cc-af56-4868af7d3d2d', 'STD08', 'TU08', 1000000.00, '2025-10-09 13:26:33', 'success'),
('74f193db-6060-4972-b5c7-14eb3a0ebb38', 'STD08', 'TU08', 2000000.00, '2025-10-09 12:58:35', 'pending'),
('9caf8911-297e-494f-94c5-82b06d493373', 'STD04', 'TU06', 2000000.00, '2025-10-08 23:37:44', 'success'),
('b877d1ab-0731-434e-98cd-6f4b3dac3795', 'STD08', 'TU08', 2000000.00, '2025-10-09 12:15:41', 'success'),
('d2ca7865-7e94-4534-b8b4-ca9a74c536fc', 'STD07', 'TD09', 2000000.00, '2025-10-09 13:12:45', 'pending'),
('e0b2b8bc-2da4-43a1-b22b-ee879707bd81', 'STD08', 'TD08', 2000000.00, '2025-10-09 13:19:39', 'pending'),
('e6cd8c08-d51d-4641-aa1a-7bdd5e5c6810', 'STD08', 'TU08', 2000000.00, '2025-10-09 12:58:36', 'pending'),
('ee72aeed-ff54-466f-9fe2-3c085c674e9c', 'STD08', 'TU08', 1000000.00, '2025-10-09 13:59:14', 'success'),
('PA01', 'STD01', 'TU01', 3000000.00, '0000-00-00 00:00:00', 'success'),
('PA02', 'STD02', 'TU03', 2000000.00, '0000-00-00 00:00:00', 'success');


